qmh,hmp
4.0097721259708115, 0.3634889476828542
4.9916787573610994, 0.3378851241785439
7.001578902449432, 0.3141589143978827
9.01019885636255, 0.34522488691644604
11.064905692583427, 0.4037722966629689
13.027438764188787, 0.40735683195357186
14.474694887769907, 0.4647947426815735
14.892037210890159, 0.6025433131347615
15.217205769394898, 0.6853290091320305
